"Qubit","T1 (us)","T2 (us)","Readout assignment error","Prob meas0 prep1","Prob meas1 prep0","Readout length (ns)","ID error","Single-qubit gate length (ns)","RX error","Z-axis rotation (rz) error","√x (sx) error","Pauli-X error","CZ error","Gate length (ns)","MEASURE error","Operational"
"0","452.7707508506012","329.6838532897075","0.0147705078125","0.017333984375","0.01220703125","2400","0.00010891213327716618","32","0.00010891213327716618","0","0.00010891213327716618","0.00010891213327716618","1:0.0011576206776898468;10:0.0020268022224034232","1:128;10:128","0.0147705078125","Yes"
"1","284.31168255399655","240.603809851802","0.021484375","0.024658203125","0.018310546875","2400","0.00019072170030261262","32","0.00019072170030261262","0","0.00019072170030261262","0.00019072170030261262","2:0.0013740456964584091;11:0.003727385840250702;0:0.0011576206776898468","2:128;11:128;0:128","0.021484375","Yes"
"2","280.9380642319513","269.8046375102248","0.0196533203125","0.028564453125","0.0107421875","2400","0.0002843356345823737","32","0.0002843356345823737","0","0.0002843356345823737","0.0002843356345823737","1:0.0013740456964584091;3:0.001422605204418087;12:0.0020208388142345657","1:128;3:128;12:148","0.0196533203125","Yes"
"3","303.67699859716436","338.1399694943306","0.02197265625","0.0234375","0.01123046875","2400","0.00007415725852633225","32","0.00007415725852633225","0","0.00007415725852633225","0.00007415725852633225","13:0.0012018561674601025;2:0.001422605204418087;4:0.001409092870069989","13:128;2:128;4:128","0.02197265625","Yes"
"4","456.14765517501684","395.73626031354115","0.014404296875","0.01953125","0.00927734375","2400","0.0001372063183503906","32","0.0001372063183503906","0","0.0001372063183503906","0.0001372063183503906","3:0.001409092870069989;5:0.001599998457903623;14:0.003046504887657453","3:128;5:148;14:228","0.014404296875","Yes"
"5","311.4505846385258","428.61758845841024","0.0263671875","0.027099609375","0.025634765625","2400","0.00027953256206327145","32","0.00027953256206327145","0","0.00027953256206327145","0.00027953256206327145","4:0.001599998457903623;15:0.004191986285572408","6:128;4:148;15:128","0.0263671875","Yes"
"6","5.617259793689123","10.500627729948706","0.0501708984375","0.088134765625","0.01220703125","2400","0.0039569862736156544","32","0.0039569862736156544","0","0.0039569862736156544","0.0039569862736156544","","5:128;7:128;16:488","0.0501708984375","Yes"
"7","115.62680142831987","167.12202477638704","0.0406494140625","0.047607421875","0.03369140625","2400","0.00024895709314238514","32","0.00024895709314238514","0","0.00024895709314238514","0.00024895709314238514","17:0.002108422278817884;8:0.0021892078411594185","17:128;6:128;8:128","0.0406494140625","Yes"
"8","326.073316873009","379.3196094210028","0.056396484375","0.07080078125","0.0419921875","2400","0.00011154162620961137","32","0.00011154162620961137","0","0.00011154162620961137","0.00011154162620961137","9:0.004540242628806396;18:0.0026961760914678;7:0.0021892078411594185","9:128;18:128;7:128","0.056396484375","Yes"
"9","346.7525518018313","348.87513043068196","0.0096435546875","0.009033203125","0.01025390625","2400","0.00012846040886926825","32","0.00012846040886926825","0","0.00012846040886926825","0.00012846040886926825","8:0.004540242628806396;19:0.0011969385260303667","8:128;19:128","0.0096435546875","Yes"
"10","375.4370010322847","306.4940478059195","0.01416015625","0.015625","0.0126953125","2400","0.00028230422451940327","32","0.00028230422451940327","0","0.00028230422451940327","0.00028230422451940327","20:0.001774426905691795;11:0.00430226345821888;0:0.0020268022224034232","20:128;11:128;0:128","0.01416015625","Yes"
"11","34.249447718257734","56.01432630829854","0.067138671875","0.11328125","0.02099609375","2400","0.002515335308584395","32","0.002515335308584395","0","0.002515335308584395","0.002515335308584395","1:0.003727385840250702;10:0.00430226345821888;12:0.004756399263661781;21:0.003916394551709779","1:128;10:128;12:128;21:128","0.067138671875","Yes"
"12","406.48769652954303","321.6459853842306","0.0250244140625","0.030517578125","0.01953125","2400","0.00019689810726301491","32","0.00019689810726301491","0","0.00019689810726301491","0.00019689810726301491","13:0.001327817021016059;22:0.0020918945806862876;2:0.0020208388142345657;11:0.004756399263661781","13:148;22:208;2:148;11:128","0.0250244140625","Yes"
"13","512.5716104067085","272.59615454546395","0.0120849609375","0.013916015625","0.01025390625","2400","0.00024279918914887924","32","0.00024279918914887924","0","0.00024279918914887924","0.00024279918914887924","3:0.0012018561674601025;12:0.001327817021016059;14:0.00242731862796311;23:0.002137654406327155","3:128;12:148;14:268;23:228","0.0120849609375","Yes"
"14","229.35266226369268","262.7164384807509","0.0108642578125","0.015625","0.006103515625","2400","0.0002697742192710558","32","0.0002697742192710558","0","0.0002697742192710558","0.0002697742192710558","15:0.0023050431776658054;24:0.0028101733477010338;13:0.00242731862796311;4:0.003046504887657453","15:128;24:228;13:268;4:228","0.0108642578125","Yes"
"15","374.8892670125996","285.79412898933913","0.015625","0.018798828125","0.012451171875","2400","0.0001423657887838055","32","0.0001423657887838055","0","0.0001423657887838055","0.0001423657887838055","14:0.0023050431776658054;16:0.0025419847612899726;25:0.053493153385526904;5:0.004191986285572408","14:128;16:148;25:288;5:128","0.015625","Yes"
"16","296.8764448295006","215.32508346046063","0.0133056640625","0.019287109375","0.00732421875","2400","0.0001544615930072248","32","0.0001544615930072248","0","0.0001544615930072248","0.0001544615930072248","15:0.0025419847612899726;17:0.0025213956422828476;26:0.004004620376215101","15:148;17:128;26:248;6:488","0.0133056640625","Yes"
"17","425.2024371677461","321.44274215205604","0.009765625","0.013671875","0.005859375","2400","0.00015426621022285037","32","0.00015426621022285037","0","0.00015426621022285037","0.00015426621022285037","7:0.002108422278817884;16:0.0025213956422828476;18:0.003105068905330216;27:0.0018761644909114084","7:128;16:128;18:128;27:128","0.009765625","Yes"
"18","351.2403141465098","343.36881433917165","0.0118408203125","0.013671875","0.010009765625","2400","0.00022987018915230202","32","0.00022987018915230202","0","0.00022987018915230202","0.00022987018915230202","8:0.0026961760914678;19:0.0033226163720885826;28:0.004137635993891442;17:0.003105068905330216","8:128;19:128;28:88;17:128","0.0118408203125","Yes"
"19","389.2950181945211","372.1285603539334","0.0147705078125","0.013916015625","0.015625","2400","0.0003247836222989967","32","0.0003247836222989967","0","0.0003247836222989967","0.0003247836222989967","18:0.0033226163720885826;9:0.0011969385260303667;29:0.0013402938442914347","18:128;9:128;29:88","0.0147705078125","Yes"
"20","241.2788822474687","251.05113595326506","0.0096435546875","0.00732421875","0.00537109375","2400","0.0001537651217551073","32","0.0001537651217551073","0","0.0001537651217551073","0.0001537651217551073","10:0.001774426905691795;21:0.0015549912665008547;30:0.0024900811454278693","10:128;21:128;30:128","0.0096435546875","Yes"
"21","346.7565512064312","361.6359447135678","0.015625","0.02294921875","0.00830078125","2400","0.0002904924874486865","32","0.0002904924874486865","0","0.0002904924874486865","0.0002904924874486865","20:0.0015549912665008547;22:0.0022841604535825955;11:0.003916394551709779","20:128;22:128;31:180;11:128","0.015625","Yes"
"22","553.0613317789357","311.36001077666543","0.021728515625","0.031494140625","0.011962890625","2400","0.00031353444028118317","32","0.00031353444028118317","0","0.00031353444028118317","0.00031353444028118317","23:0.0017966166192277533;12:0.0020918945806862876;32:0.002200376464307069;21:0.0022841604535825955","23:148;12:208;32:168;21:128","0.021728515625","Yes"
"23","404.6206002401202","353.65634934890215","0.04736328125","0.077880859375","0.016845703125","2400","0.00015319095821337154","32","0.00015319095821337154","0","0.00015319095821337154","0.00015319095821337154","22:0.0017966166192277533;13:0.002137654406327155;24:0.0029282577672284926;33:0.0014065112336882346","22:148;13:228;24:228;33:148","0.04736328125","Yes"
"24","413.51501047175014","247.02515516676664","0.029541015625","0.045166015625","0.013916015625","2400","0.00019698199697561872","32","0.00019698199697561872","0","0.00019698199697561872","0.00019698199697561872","14:0.0028101733477010338;23:0.0029282577672284926;25:0.00206917494023523;34:0.001358174304581905","14:228;23:228;25:148;34:128","0.029541015625","Yes"
"25","307.67191043743725","304.29920570115445","0.0078125","0.010009765625","0.005615234375","2400","0.0003150896861828063","32","0.0003150896861828063","0","0.0003150896861828063","0.0003150896861828063","15:0.053493153385526904;24:0.00206917494023523;26:0.003169162401553932;35:0.0029890489634584183","15:288;24:148;26:128;35:208","0.0078125","Yes"
"26","276.2534339337169","195.10586592859642","0.017578125","0.021484375","0.013671875","2400","0.0004310292803983376","32","0.0004310292803983376","0","0.0004310292803983376","0.0004310292803983376","16:0.004004620376215101;25:0.003169162401553932;27:0.0033794805009456363;36:0.0051953458665582875","16:248;25:128;27:88;36:268","0.017578125","Yes"
"27","434.4704432905726","269.1527376086841","0.0235595703125","0.029541015625","0.017578125","2400","0.00011447513427742268","32","0.00011447513427742268","0","0.00011447513427742268","0.00011447513427742268","26:0.0033794805009456363;28:0.0053939465578461965;17:0.0018761644909114084;37:0.0019517377761325283","26:88;28:108;17:128;37:108","0.0235595703125","Yes"
"28","246.4024606556798","191.64686532794255","0.02001953125","0.023681640625","0.016357421875","2400","0.0003113064331808126","32","0.0003113064331808126","0","0.0003113064331808126","0.0003113064331808126","18:0.004137635993891442;27:0.0053939465578461965;29:0.002935696315992775;38:0.006503972142710035","18:88;27:108;29:68;38:228","0.02001953125","Yes"
"29","222.64750194064285","204.20347955243008","0.0205078125","0.02197265625","0.01904296875","2400","0.00014094698857940923","32","0.00014094698857940923","0","0.00014094698857940923","0.00014094698857940923","19:0.0013402938442914347;28:0.002935696315992775;39:0.019041403483448627","19:88;28:68;39:128","0.0205078125","Yes"
"30","253.18639825300608","156.16104309746572","0.015869140625","0.02099609375","0.0107421875","2400","0.0002728762414847003","32","0.0002728762414847003","0","0.0002728762414847003","0.0002728762414847003","20:0.0024900811454278693;31:0.004419868039997221;40:0.0028541399107008536","20:128;31:188;40:128","0.015869140625","Yes"
"31","431.5230479156407","129.22494849970693","0.05126953125","0.08935546875","0.01318359375","2400","0.00013933769001265868","32","0.00013933769001265868","0","0.00013933769001265868","0.00013933769001265868","30:0.004419868039997221;32:0.0020194328079614077;41:0.00177091180203523","30:188;32:188;21:180;41:128","0.05126953125","Yes"
"32","221.5485529055603","190.98290145853107","0.0308837890625","0.048583984375","0.01318359375","2400","0.0009063800349493057","32","0.0009063800349493057","0","0.0009063800349493057","0.0009063800349493057","22:0.002200376464307069;31:0.0020194328079614077;33:0.0036632866340960413;42:0.0027778749286858917","22:168;31:188;33:208;42:188","0.0308837890625","Yes"
"33","557.415803476736","360.1882633167738","0.0606689453125","0.10546875","0.015869140625","2400","0.00047030257164798375","32","0.00047030257164798375","0","0.00047030257164798375","0.00047030257164798375","23:0.0014065112336882346;32:0.0036632866340960413;34:0.0020873454032748484;43:0.0018600304034951665","23:148;32:208;34:128;43:248","0.0606689453125","Yes"
"34","363.09850061143106","235.51354535253327","0.0228271484375","0.033203125","0.012451171875","2400","0.00017505058600344805","32","0.00017505058600344805","0","0.00017505058600344805","0.00017505058600344805","24:0.001358174304581905;33:0.0020873454032748484;35:0.0017501921027158751;44:0.003385539899140255","24:128;33:128;35:68;44:128","0.0228271484375","Yes"
"35","395.7913819200135","255.56394127225263","0.0106201171875","0.01123046875","0.010009765625","2400","0.00018536959273778632","32","0.00018536959273778632","0","0.00018536959273778632","0.00018536959273778632","25:0.0029890489634584183;36:0.0018093770862877556;45:0.00406948201281121;34:0.0017501921027158751","25:208;36:108;45:148;34:68","0.0106201171875","Yes"
"36","325.8999283845178","227.90422484441865","0.026611328125","0.030517578125","0.022705078125","2400","0.0002091132274220114","32","0.0002091132274220114","0","0.0002091132274220114","0.0002091132274220114","46:0.0029007014316511093;26:0.0051953458665582875;35:0.0018093770862877556;37:0.00220494015241815","46:148;26:268;35:108;37:88","0.026611328125","Yes"
"37","449.5383805512672","282.2582262022384","0.015380859375","0.017578125","0.013671875","2400","0.00025428410140816146","32","0.00025428410140816146","0","0.00025428410140816146","0.00025428410140816146","27:0.0019517377761325283;36:0.00220494015241815;38:0.0023653620878756887;47:0.0035337259220998285","27:108;36:88;38:148;47:148","0.015380859375","Yes"
"38","356.5355502431015","287.8271229411378","0.01904296875","0.025146484375","0.012939453125","2400","0.00016751562619073885","32","0.00016751562619073885","0","0.00016751562619073885","0.00016751562619073885","39:0.01663353130141157;48:0.19963800386646222;28:0.006503972142710035;37:0.0023653620878756887","39:168;48:188;28:228;37:148","0.01904296875","Yes"
"39","41.18532523477665","21.712689707271444","0.01953125","0.03076171875","0.00830078125","2400","0.00020936250755992794","32","0.00020936250755992794","0","0.00020936250755992794","0.00020936250755992794","38:0.01663353130141157;29:0.019041403483448627;49:0.017028907376884256","38:168;29:128;49:208","0.01953125","Yes"
"40","248.81014080154694","202.892815140383","0.0103759765625","0.010009765625","0.0107421875","2400","0.00021769705997089887","32","0.00021769705997089887","0","0.00021769705997089887","0.00021769705997089887","41:0.0014681390701204444;50:0.0013188108948861132;30:0.0028541399107008536","41:128;50:128;30:128","0.0103759765625","Yes"
"41","368.7014529936872","266.4670609071001","0.01171875","0.012939453125","0.010498046875","2400","0.00012941972149878867","32","0.00012941972149878867","0","0.00012941972149878867","0.00012941972149878867","40:0.0014681390701204444;42:0.0017235171173853592;51:0.001801630314961583;31:0.00177091180203523","40:128;42:128;51:128;31:128","0.01171875","Yes"
"42","281.3408280884893","180.31707745368848","0.01123046875","0.0146484375","0.0078125","2400","0.0002399948970150978","32","0.0002399948970150978","0","0.0002399948970150978","0.0002399948970150978","41:0.0017235171173853592;43:0.002469897792809067;52:0.003724074710235864;32:0.0027778749286858917","41:128;43:128;52:128;32:188","0.01123046875","Yes"
"43","274.9489872066114","226.20954960074567","0.0093994140625","0.0107421875","0.008056640625","2400","0.00013682666052856383","32","0.00013682666052856383","0","0.00013682666052856383","0.00013682666052856383","42:0.002469897792809067;44:0.003054565558316319;33:0.0018600304034951665;53:0.0014294506809154894","42:128;44:188;33:248;53:128","0.0093994140625","Yes"
"44","286.35801857894626","56.63529805697894","0.010986328125","0.018798828125","0.003173828125","2400","0.0006289708927645717","32","0.0006289708927645717","0","0.0006289708927645717","0.0006289708927645717","45:0.013199721142350324;54:0.0037874171910976806;43:0.003054565558316319;34:0.003385539899140255","45:508;54:128;43:188;34:128","0.010986328125","Yes"
"45","319.0803530752511","212.8000967458111","0.025146484375","0.035888671875","0.014404296875","2400","0.00027869247859026354","32","0.00027869247859026354","0","0.00027869247859026354","0.00027869247859026354","44:0.013199721142350324;46:0.002590892303621223;55:0.002552125505719899;35:0.00406948201281121","44:508;46:128;55:128;35:148","0.025146484375","Yes"
"46","240.99302337538373","137.25163316731897","0.021484375","0.034912109375","0.008056640625","2400","0.0005290744534359616","32","0.0005290744534359616","0","0.0005290744534359616","0.0005290744534359616","36:0.0029007014316511093;45:0.002590892303621223;47:0.0025713598526525827;56:0.0025274197572706936","36:148;45:128;47:208;56:188","0.021484375","Yes"
"47","137.15058789621804","135.47746293613014","0.026611328125","0.043212890625","0.010009765625","2400","0.0003453027818653573","32","0.0003453027818653573","0","0.0003453027818653573","0.0003453027818653573","48:0.026324495082947097;57:0.002961360396726509;46:0.0025713598526525827;37:0.0035337259220998285","48:128;57:168;46:208;37:148","0.026611328125","Yes"
"48","382.73932479704325","300.01668355944435","0.103515625","0.188720703125","0.018310546875","2400","0.0002129669631832574","32","0.0002129669631832574","0","0.0002129669631832574","0.0002129669631832574","47:0.026324495082947097;49:0.017379738840255454;38:0.19963800386646222;58:0.014362073387820834","47:128;49:128;38:188;58:248","0.103515625","Yes"
"49","327.0636946472808","288.5680959902273","0.0281982421875","0.040771484375","0.015625","2400","0.00023808361652805015","32","0.00023808361652805015","0","0.00023808361652805015","0.00023808361652805015","48:0.017379738840255454;59:0.0012582515251150506;39:0.017028907376884256","48:128;59:128;39:208","0.0281982421875","Yes"
"50","396.67968097522754","352.04165429121906","0.0089111328125","0.01220703125","0.005615234375","2400","0.00012394964015181317","32","0.00012394964015181317","0","0.00012394964015181317","0.00012394964015181317","40:0.0013188108948861132;51:0.0017669377351624826;60:0.02857882217363411","40:128;51:128;60:68","0.0089111328125","Yes"
"51","413.21351650671767","250.76428868738276","0.040771484375","0.051025390625","0.030517578125","2400","0.0001972277222704846","32","0.0001972277222704846","0","0.0001972277222704846","0.0001972277222704846","41:0.001801630314961583;50:0.0017669377351624826;52:0.003997466823623563;61:0.02730314612662621","41:128;50:128;52:128;61:128","0.040771484375","Yes"
"52","117.66813243089041","129.60566169924135","0.0531005859375","0.044189453125","0.06201171875","2400","0.00040537682165555906","32","0.00040537682165555906","0","0.00040537682165555906","0.00040537682165555906","42:0.003724074710235864;51:0.003997466823623563;53:0.003172194851008392;62:0.004402153435450057","42:128;51:128;53:128;62:128","0.0531005859375","Yes"
"53","398.19596037927397","215.80763596149544","0.017822265625","0.025634765625","0.010009765625","2400","0.0001824953834210692","32","0.0001824953834210692","0","0.0001824953834210692","0.0001824953834210692","52:0.003172194851008392;54:0.002129681165936481;63:0.0025323625568995367;43:0.0014294506809154894","52:128;54:148;63:228;43:128","0.017822265625","Yes"
"54","286.10387287171324","204.73477001484125","0.0107421875","0.01513671875","0.009521484375","2400","0.0003346750848972292","32","0.0003346750848972292","0","0.0003346750848972292","0.0003346750848972292","44:0.0037874171910976806;53:0.002129681165936481;55:0.003574047140292219;64:0.002533803342495866","44:128;53:148;55:228;64:208","0.0107421875","Yes"
"55","377.5360379315545","214.1435781143061","0.009765625","0.011474609375","0.008056640625","2400","0.00019255426455448008","32","0.00019255426455448008","0","0.00019255426455448008","0.00019255426455448008","56:0.00315431980355127;45:0.002552125505719899;65:0.0028425245311700653;54:0.003574047140292219","56:168;45:128;65:148;54:228","0.009765625","Yes"
"56","280.9800346855464","232.94167037217625","0.0360107421875","0.053955078125","0.01806640625","2400","0.00030667082846554176","32","0.00030667082846554176","0","0.00030667082846554176","0.00030667082846554176","55:0.00315431980355127;46:0.0025274197572706936;57:0.002201454897785088;66:0.0026959635115771097","55:168;46:188;57:128;66:128","0.0360107421875","Yes"
"57","260.47629523294324","200.88753663180555","0.0303955078125","0.049072265625","0.01171875","2400","0.00034855774146233157","32","0.00034855774146233157","0","0.00034855774146233157","0.00034855774146233157","47:0.002961360396726509;56:0.002201454897785088;58:0.0022109179405155888;67:0.004559884840419276","47:168;56:128;58:168;67:308","0.0303955078125","Yes"
"58","404.55077579594865","370.97145267892193","0.0234375","0.03369140625","0.01318359375","2400","0.0001787980822218995","32","0.0001787980822218995","0","0.0001787980822218995","0.0001787980822218995","48:0.014362073387820834;57:0.0022109179405155888;59:0.0017885965208360166;68:0.003068087981103751","48:248;57:168;59:168;68:248","0.0234375","Yes"
"59","252.88936909059245","244.73730318003416","0.0233154296875","0.02880859375","0.017822265625","2400","0.00016977308033266366","32","0.00016977308033266366","0","0.00016977308033266366","0.00016977308033266366","49:0.0012582515251150506;58:0.0017885965208360166;69:0.0016416831706215496","49:128;58:168;69:128","0.0233154296875","Yes"
"60","155.68325978228808","85.86197087278285","0.01025390625","0.017578125","0.0029296875","2400","0.0010519381148073065","32","0.0010519381148073065","0","0.0010519381148073065","0.0010519381148073065","61:0.07479764581641302;50:0.02857882217363411;70:0.0031375865857528884","61:128;50:68;70:128","0.01025390625","Yes"
"61","46.317583814690025","72.19001201071951","0.1358642578125","0.190185546875","0.08154296875","2400","0.00664907424166701","32","0.00664907424166701","0","0.00664907424166701","0.00664907424166701","51:0.02730314612662621;60:0.07479764581641302;62:0.022936084705306947;71:0.04008603204525199","51:128;60:128;62:288;71:188","0.1358642578125","Yes"
"62","398.7026721991946","248.0529154025404","0.0213623046875","0.025146484375","0.017578125","2400","0.00012470616032895094","32","0.00012470616032895094","0","0.00012470616032895094","0.00012470616032895094","72:0.0019607491761844398;52:0.004402153435450057;61:0.022936084705306947;63:0.0013446417355077456","72:128;52:128;61:288;63:128","0.0213623046875","Yes"
"63","439.4268971463947","331.77057445839154","0.02490234375","0.029052734375","0.020751953125","2400","0.0003101960319821986","32","0.0003101960319821986","0","0.0003101960319821986","0.0003101960319821986","53:0.0025323625568995367;62:0.0013446417355077456;64:0.0014278551030079412;73:0.0041983533887838265","53:228;62:128;64:188;73:148","0.02490234375","Yes"
"64","318.4064466860476","207.22905412925314","0.0093994140625","0.01416015625","0.004638671875","2400","0.00013953370337967688","32","0.00013953370337967688","0","0.00013953370337967688","0.00013953370337967688","65:0.0020895219637894202;54:0.002533803342495866;63:0.0014278551030079412;74:0.0021426456328057786","65:128;54:208;63:188;74:208","0.0093994140625","Yes"
"65","381.98696705334294","218.47101099729923","0.0230712890625","0.024658203125","0.021484375","2400","0.0002805469544352541","32","0.0002805469544352541","0","0.0002805469544352541","0.0002805469544352541","55:0.0028425245311700653;64:0.0020895219637894202;66:0.004146663890264163;75:0.0030393872036099667","55:148;64:128;66:128;75:208","0.0230712890625","Yes"
"66","493.21443046474997","59.504508692509184","0.031982421875","0.04150390625","0.0224609375","2400","0.0006630580275240756","32","0.0006630580275240756","0","0.0006630580275240756","0.0006630580275240756","56:0.0026959635115771097;65:0.004146663890264163;76:0.0035727778512642527","56:128;65:128;67:68;76:228","0.031982421875","Yes"
"67","333.57163854554693","316.12588616535635","0.05419921875","0.07177734375","0.03662109375","2400","0.0007183514468669902","32","0.0007183514468669902","0","0.0007183514468669902","0.0007183514468669902","68:0.0032066376150209353;77:0.029866086241938622;57:0.004559884840419276","68:188;77:208;57:308;66:68","0.05419921875","Yes"
"68","333.33340082357887","236.23088790900738","0.024169921875","0.03466796875","0.013671875","2400","0.0002069556576660394","32","0.0002069556576660394","0","0.0002069556576660394","0.0002069556576660394","67:0.0032066376150209353;58:0.003068087981103751;69:0.003698430322185864","67:188;58:248;69:168;78:228","0.024169921875","Yes"
"69","301.0109644726175","316.5773437632002","0.0177001953125","0.02294921875","0.012451171875","2400","0.00016377472712192367","32","0.00016377472712192367","0","0.00016377472712192367","0.00016377472712192367","68:0.003698430322185864;59:0.0016416831706215496;79:0.002142905458173666","68:168;59:128;79:188","0.0177001953125","Yes"
"70","266.506454067591","282.5720482548416","0.01025390625","0.01025390625","0.01025390625","2400","0.00025318040690306293","32","0.00025318040690306293","0","0.00025318040690306293","0.00025318040690306293","60:0.0031375865857528884;71:0.0033413387888397705;80:0.0031146447495681018","60:128;71:68;80:208","0.01025390625","Yes"
"71","312.58467671966173","180.18716926346798","0.0218505859375","0.017578125","0.012939453125","2400","0.00017479265227151474","32","0.00017479265227151474","0","0.00017479265227151474","0.00017479265227151474","72:0.0019132624908084483;81:0.0037339273552666197;61:0.04008603204525199;70:0.0033413387888397705","72:128;81:208;61:188;70:68","0.0218505859375","Yes"
"72","351.6667094764664","247.82168742165857","0.03955078125","0.043701171875","0.035400390625","2400","0.00017735240128758566","32","0.00017735240128758566","0","0.00017735240128758566","0.00017735240128758566","73:0.0018042858638612769;62:0.0019607491761844398;82:0.0023369140669733113;71:0.0019132624908084483","73:128;62:128;82:188;71:128","0.03955078125","Yes"
"73","563.0308358329175","219.4301422812717","0.017333984375","0.02001953125","0.0146484375","2400","0.00019295517853076938","32","0.00019295517853076938","0","0.00019295517853076938","0.00019295517853076938","72:0.0018042858638612769;74:0.002954556346992626;63:0.0041983533887838265","72:128;74:288;83:168;63:148","0.017333984375","Yes"
"74","302.91031618059156","242.12827764353898","0.00830078125","0.010009765625","0.006591796875","2400","0.00024097130451490508","32","0.00024097130451490508","0","0.00024097130451490508","0.00024097130451490508","73:0.002954556346992626;75:0.007990145204674337;64:0.0021426456328057786","73:288;75:128;84:168;64:208","0.00830078125","Yes"
"75","325.51559658533563","192.6503942823994","0.0096435546875","0.012451171875","0.0068359375","2400","0.00042592536614398233","32","0.00042592536614398233","0","0.00042592536614398233","0.00042592536614398233","74:0.007990145204674337;76:0.0036796654167002285;85:0.006987732104896116;65:0.0030393872036099667","74:128;76:148;85:128;65:208","0.0096435546875","Yes"
"76","387.99747095360334","251.1597479634732","0.012939453125","0.01220703125","0.013671875","2400","0.00034196392431047514","32","0.00034196392431047514","0","0.00034196392431047514","0.00034196392431047514","75:0.0036796654167002285;77:0.02503329410253885;66:0.0035727778512642527;86:0.002823760452193541","75:148;77:148;66:228;86:168","0.012939453125","Yes"
"77","332.93929516109375","237.52105805814304","0.0159912109375","0.019287109375","0.0126953125","2400","0.0006686522359006778","32","0.0006686522359006778","0","0.0006686522359006778","0.0006686522359006778","67:0.029866086241938622;78:0.03269900627639266;76:0.02503329410253885","67:208;78:208;87:248;76:148","0.0159912109375","Yes"
"78","74.63165792099508","97.75925328542807","0.011962890625","0.01513671875","0.0087890625","2400","0.0003591680876981504","32","0.0003591680876981504","0","0.0003591680876981504","0.0003591680876981504","77:0.03269900627639266;79:0.0025723673951749126;88:0.008827876940091267","77:208;79:288;88:268;68:228","0.011962890625","Yes"
"79","431.2154319241548","459.4004124162619","0.0189208984375","0.021240234375","0.0166015625","2400","0.0002416449013498913","32","0.0002416449013498913","0","0.0002416449013498913","0.0002416449013498913","78:0.0025723673951749126;89:0.002728049972515245;69:0.002142905458173666","78:288;89:68;69:188","0.0189208984375","Yes"
"80","107.8223593165322","104.2696011804602","0.0238037109375","0.03125","0.016357421875","2400","0.0009437209027257028","32","0.0009437209027257028","0","0.0009437209027257028","0.0009437209027257028","81:0.0032060541735295656;90:0.0025521171398925346;70:0.0031146447495681018","81:128;90:88;70:208","0.0238037109375","Yes"
"81","379.7257528350534","215.40755520259927","0.025634765625","0.041259765625","0.010009765625","2400","0.000387045610323248","32","0.000387045610323248","0","0.000387045610323248","0.000387045610323248","80:0.0032060541735295656;82:0.0025558769314384666;71:0.0037339273552666197;91:0.0024451332925554403","80:128;82:68;71:208;91:88","0.025634765625","Yes"
"82","161.08597613727216","148.57283946626535","0.0341796875","0.061279296875","0.007080078125","2400","0.0002348861324097381","32","0.0002348861324097381","0","0.0002348861324097381","0.0002348861324097381","72:0.0023369140669733113;81:0.0025558769314384666;83:0.0030982160184370167;92:0.0035216565823457946","72:188;81:68;83:68;92:168","0.0341796875","Yes"
"83","310.84960516930323","287.0481208912848","0.084228515625","0.14111328125","0.02734375","2400","0.00032185058725556535","32","0.00032185058725556535","0","0.00032185058725556535","0.00032185058725556535","82:0.0030982160184370167;84:0.002518959053399855;93:0.0171121569938453","73:168;82:68;84:168;93:128","0.084228515625","Yes"
"84","380.40198780956996","186.25063388724234","0.0220947265625","0.033935546875","0.01025390625","2400","0.00032562092011135087","32","0.00032562092011135087","0","0.00032562092011135087","0.00032562092011135087","83:0.002518959053399855;85:0.006528409535973667;94:0.003195965647459026","74:168;83:168;85:148;94:208","0.0220947265625","Yes"
"85","95.18930657557172","122.34172702362008","0.143798828125","0.2412109375","0.04638671875","2400","0.003192608377505834","32","0.003192608377505834","0","0.003192608377505834","0.003192608377505834","86:0.005297641088972821;75:0.006987732104896116;95:0.006483557433875797;84:0.006528409535973667","86:168;75:128;95:188;84:148","0.143798828125","Yes"
"86","346.6424912561575","259.1003933593543","0.1085205078125","0.171630859375","0.04541015625","2400","0.00016257825946873862","32","0.00016257825946873862","0","0.00016257825946873862","0.00016257825946873862","85:0.005297641088972821;87:0.002525247443544959;96:0.0033570057390448493;76:0.002823760452193541","85:168;87:128;96:208;76:168","0.1085205078125","Yes"
"87","438.7830210630062","332.25979464310245","0.033447265625","0.037353515625","0.029541015625","2400","0.00015729161958513536","32","0.00015729161958513536","0","0.00015729161958513536","0.00015729161958513536","86:0.002525247443544959;88:0.0016355004055285671;97:0.0034933361411662034","77:248;86:128;88:148;97:328","0.033447265625","Yes"
"88","166.85403361592896","117.11537629707378","0.095458984375","0.052734375","0.1015625","2400","0.00026497802939969126","32","0.00026497802939969126","0","0.00026497802939969126","0.00026497802939969126","78:0.008827876940091267;87:0.0016355004055285671;89:0.00337774602313759;98:0.0029675921574293107","78:268;87:148;89:108;98:248","0.095458984375","Yes"
"89","280.1963981819123","277.88773121800364","0.0140380859375","0.013916015625","0.01416015625","2400","0.00023574298044179887","32","0.00023574298044179887","0","0.00023574298044179887","0.00023574298044179887","79:0.002728049972515245;99:0.0011928184850614754;88:0.00337774602313759","79:68;99:68;88:108","0.0140380859375","Yes"
"90","383.87812632034735","300.21520246281233","0.0313720703125","0.049560546875","0.01318359375","2400","0.0004366908326365514","32","0.0004366908326365514","0","0.0004366908326365514","0.0004366908326365514","80:0.0025521171398925346;91:0.0026211763952315725;100:0.0020977422251104716","80:88;91:68;100:68","0.0313720703125","Yes"
"91","344.2888849483792","193.25043888733356","0.02880859375","0.0517578125","0.005859375","2400","0.00020793206596394478","32","0.00020793206596394478","0","0.00020793206596394478","0.00020793206596394478","81:0.0024451332925554403;90:0.0026211763952315725;92:0.003946919733514687","81:88;90:68;92:208;101:168","0.02880859375","Yes"
"92","337.6609769549391","219.71232341969278","0.0555419921875","0.086669921875","0.0244140625","2400","0.00026943761485861804","32","0.00026943761485861804","0","0.00026943761485861804","0.00026943761485861804","82:0.0035216565823457946;91:0.003946919733514687;93:0.011858948338009268;102:0.0033010360090667545","82:168;91:208;93:188;102:268","0.0555419921875","Yes"
"93","218.9837735616704","161.62272635459615","0.0870361328125","0.1572265625","0.016845703125","2400","0.005755959946209805","32","0.005755959946209805","0","0.005755959946209805","0.005755959946209805","94:0.012608686552483511;83:0.0171121569938453;92:0.011858948338009268","94:168;83:128;103:448;92:188","0.0870361328125","Yes"
"94","303.78712711851256","220.45187924153052","0.017333984375","0.026123046875","0.008544921875","2400","0.00017715303764403274","32","0.00017715303764403274","0","0.00017715303764403274","0.00017715303764403274","93:0.012608686552483511;84:0.003195965647459026;95:0.0034724045770412326;104:0.0030001104313249205","93:168;84:208;95:168;104:168","0.017333984375","Yes"
"95","266.15650069385515","230.66151526798762","0.0166015625","0.01513671875","0.01806640625","2400","0.0002734464970185409","32","0.0002734464970185409","0","0.0002734464970185409","0.0002734464970185409","85:0.006483557433875797;94:0.0034724045770412326;96:0.002007381677304687;105:0.0032785906503571827","85:188;94:168;96:128;105:148","0.0166015625","Yes"
"96","332.18912021281335","268.9190217742398","0.048583984375","0.058837890625","0.038330078125","2400","0.000334562363069043","32","0.000334562363069043","0","0.000334562363069043","0.000334562363069043","97:0.002641882060846895;106:0.0031812935334814274;86:0.0033570057390448493;95:0.002007381677304687","97:168;106:188;86:208;95:128","0.048583984375","Yes"
"97","232.7621904380299","168.00025089854972","0.0498046875","0.066650390625","0.032958984375","2400","0.00035939153141117237","32","0.00035939153141117237","0","0.00035939153141117237","0.00035939153141117237","96:0.002641882060846895;98:0.0027260247309567887;87:0.0034933361411662034;107:0.002525510768940864","96:168;98:248;87:328;107:128","0.0498046875","Yes"
"98","259.39477939125874","213.88662597674718","0.0419921875","0.046142578125","0.037841796875","2400","0.00018986379246340056","32","0.00018986379246340056","0","0.00018986379246340056","0.00018986379246340056","97:0.0027260247309567887;88:0.0029675921574293107;99:0.0009354615741834216;108:0.0023532697910990386","97:248;88:248;99:68;108:348","0.0419921875","Yes"
"99","312.81948860763083","253.96628461987564","0.0167236328125","0.021728515625","0.01171875","2400","0.0003084300018457643","32","0.0003084300018457643","0","0.0003084300018457643","0.0003084300018457643","109:0.002185728983170404;89:0.0011928184850614754;98:0.0009354615741834216","109:188;89:68;98:68","0.0167236328125","Yes"
"100","153.23906833937022","147.4773840031634","0.016845703125","0.02490234375","0.0087890625","2400","0.00024354651039930483","32","0.00024354651039930483","0","0.00024354651039930483","0.00024354651039930483","101:0.0025856288676622263;110:0.0014829863693296141;90:0.0020977422251104716","101:188;110:128;90:68","0.016845703125","Yes"
"101","122.43154155687866","121.98402430232836","0.0101318359375","0.01513671875","0.005126953125","2400","0.0001887362862051429","32","0.0001887362862051429","0","0.0001887362862051429","0.0001887362862051429","100:0.0025856288676622263;102:0.0015922893324932519;111:0.0016982970054254531","100:188;91:168;102:128;111:248","0.0101318359375","Yes"
"102","398.5243187548921","193.0228481461519","0.0118408203125","0.013916015625","0.009765625","2400","0.00014054102928895608","32","0.00014054102928895608","0","0.00014054102928895608","0.00014054102928895608","101:0.0015922893324932519;92:0.0033010360090667545;112:0.003185070825214742","101:128;103:368;92:268;112:168","0.0118408203125","Yes"
"103","351.3913625325198","59.077591738452334","0.0203857421875","0.030029296875","0.0107421875","2400","0.0011404860552389304","32","0.0011404860552389304","0","0.0011404860552389304","0.0011404860552389304","104:0.008309776299430416;113:0.01292084543444283","104:128;113:428;93:448;102:368","0.0203857421875","Yes"
"104","379.93015600364794","211.0089978894121","0.0177001953125","0.025634765625","0.009765625","2400","0.00015574862182204737","32","0.00015574862182204737","0","0.00015574862182204737","0.00015574862182204737","103:0.008309776299430416;105:0.003300097719992151;114:0.0027154946654479872;94:0.0030001104313249205","103:128;105:128;114:128;94:168","0.0177001953125","Yes"
"105","115.89359637550616","126.42944652422223","0.0587158203125","0.08154296875","0.035888671875","2400","0.00039611380655117185","32","0.00039611380655117185","0","0.00039611380655117185","0.00039611380655117185","104:0.003300097719992151;106:0.007047483609221639;115:0.00460637644976053;95:0.0032785906503571827","104:128;106:148;115:148;95:148","0.0587158203125","Yes"
"106","428.2383478577302","345.9683651380743","0.029541015625","0.044677734375","0.014404296875","2400","0.00018606103258213836","32","0.00018606103258213836","0","0.00018606103258213836","0.00018606103258213836","96:0.0031812935334814274;107:0.006155824229350543;116:0.002238927138416197;105:0.007047483609221639","96:188;107:188;116:128;105:148","0.029541015625","Yes"
"107","404.7136315374749","358.7800375689702","0.0394287109375","0.056640625","0.022216796875","2400","0.00037212425853500893","32","0.00037212425853500893","0","0.00037212425853500893","0.00037212425853500893","106:0.006155824229350543;108:0.0023242821114966006;117:0.0031247601746829667;97:0.002525510768940864","106:188;108:168;117:208;97:128","0.0394287109375","Yes"
"108","258.4017608474044","243.39643082578144","0.01904296875","0.032470703125","0.005615234375","2400","0.00027153561099466783","32","0.00027153561099466783","0","0.00027153561099466783","0.00027153561099466783","107:0.0023242821114966006;109:0.005067260504110688;118:0.009304690430834872;98:0.0023532697910990386","107:168;109:128;118:128;98:348","0.01904296875","Yes"
"109","291.7113354334074","258.0875065403647","0.0169677734375","0.01953125","0.014404296875","2400","0.00027989851797530663","32","0.00027989851797530663","0","0.00027989851797530663","0.00027989851797530663","99:0.002185728983170404;108:0.005067260504110688;119:0.00914199428392068","99:188;108:128;119:128","0.0169677734375","Yes"
"110","307.02687202761905","354.69242805624197","0.0174560546875","0.023681640625","0.01123046875","2400","0.00022101175721737527","32","0.00022101175721737527","0","0.00022101175721737527","0.00022101175721737527","100:0.0014829863693296141;111:0.0018742514623541762","100:128;111:128","0.0174560546875","Yes"
"111","139.89737690196998","152.80454786604804","0.02587890625","0.050048828125","0.001708984375","2400","0.00038279223754356405","32","0.00038279223754356405","0","0.00038279223754356405","0.00038279223754356405","110:0.0018742514623541762;101:0.0016982970054254531","112:128;110:128;101:248","0.02587890625","Yes"
"112","260.8382246738754","188.98602001406724","0.02294921875","0.0380859375","0.0078125","2400","0.00015175530445642025","32","0.00015175530445642025","0","0.00015175530445642025","0.00015175530445642025","113:0.0019542910218123266;102:0.003185070825214742","111:128;113:168;102:168","0.02294921875","Yes"
"113","323.7531868482195","266.5704974890978","0.029541015625","0.051513671875","0.007568359375","2400","0.0001660050284043893","32","0.0001660050284043893","0","0.0001660050284043893","0.0001660050284043893","103:0.01292084543444283;112:0.0019542910218123266;114:0.003802546355406694","103:428;112:168;114:128","0.029541015625","Yes"
"114","453.0029994248016","250.40747957022052","0.030517578125","0.052490234375","0.008544921875","2400","0.00024586482132339844","32","0.00024586482132339844","0","0.00024586482132339844","0.00024586482132339844","115:0.0022428084470764997;104:0.0027154946654479872;113:0.003802546355406694","115:128;104:128;113:128","0.030517578125","Yes"
"115","322.89316986285854","256.50310093728484","0.009521484375","0.013916015625","0.005126953125","2400","0.0002341014452018676","32","0.0002341014452018676","0","0.0002341014452018676","0.0002341014452018676","114:0.0022428084470764997;105:0.00460637644976053;116:0.002490218793910981","114:128;105:148;116:128","0.009521484375","Yes"
"116","271.9241978294715","313.9681159711494","0.026611328125","0.028564453125","0.024658203125","2400","0.0002542059759758863","32","0.0002542059759758863","0","0.0002542059759758863","0.0002542059759758863","106:0.002238927138416197;115:0.002490218793910981;117:0.00219130235801987","106:128;115:128;117:128","0.026611328125","Yes"
"117","461.929398738454","436.259088657076","0.023193359375","0.02392578125","0.0224609375","2400","0.0002764093054864205","32","0.0002764093054864205","0","0.0002764093054864205","0.0002764093054864205","107:0.0031247601746829667;116:0.00219130235801987;118:0.005808908251664607","107:208;116:128;118:128","0.023193359375","Yes"
"118","440.65129766422314","470.90385583189936","0.0225830078125","0.025634765625","0.01953125","2400","0.0003200017988401367","32","0.0003200017988401367","0","0.0003200017988401367","0.0003200017988401367","119:0.0043613022824146586;108:0.009304690430834872;117:0.005808908251664607","119:128;108:128;117:128","0.0225830078125","Yes"
"119","284.41661771306764","325.141373884949","0.020263671875","0.0244140625","0.01611328125","2400","0.00012564751507620114","32","0.00012564751507620114","0","0.00012564751507620114","0.00012564751507620114","118:0.0043613022824146586;109:0.00914199428392068","118:128;109:128","0.020263671875","Yes"